"","difference","pvalue","signif.","LCL","UCL"
"1:5 - 1:7.5",4.25,8e-04,"***",1.92251911496892,6.57748088503108
"1:5 - 2:5",-0.25,0.9882," ",-2.57748088503108,2.07748088503108
"1:5 - 2:7.5",3.75,0.0022,"**",1.42251911496892,6.07748088503108
"1:7.5 - 2:5",-4.5,5e-04,"***",-6.82748088503108,-2.17251911496892
"1:7.5 - 2:7.5",-0.5,0.9178," ",-2.82748088503108,1.82748088503108
"2:5 - 2:7.5",4,0.0013,"**",1.67251911496892,6.32748088503108
